﻿pos_x,pos_y,rotation,side,designator,mpn,pack,footprint,value,mount_type
39.82,-70.6,90.0,top,C1,,,C_0805_2012Metric,1n,smt
35.8,-70.55,90.0,top,C2,,,C_0805_2012Metric,Alt1,smt
35.3,-63.0,0.0,top,C3,,,C_0805_2012Metric,Alt,smt
31.3,-70.55,90.0,top,C4,,,C_0805_2012Metric,Alt2,smt
44.4,-73.51,180.0,top,C5,,,C_0805_2012Metric,100n,smt
54.2,-68.31,0.0,top,C6,,,C_0805_2012Metric,100n,smt
40.95,-77.0,180.0,top,C7,,,C_0805_2012Metric,100n,smt
42.9,-87.0,0.0,top,C8,,,C_0805_2012Metric,100n,smt
66.6435,-65.8418,-90.0,top,J1,,,CONN_132414_AMP,SMA-J-P-H-ST-EM1,smt
46.44,-57.4,0.0,top,J10,,,PinHeader_1x01_P1.00mm_Vertical,Conn_01x01_Socket,tht
49.36,-57.4,0.0,top,J11,,,PinHeader_1x01_P1.00mm_Vertical,Conn_01x01_Socket,tht
52.28,-57.4,0.0,top,J12,,,PinHeader_1x01_P1.00mm_Vertical,Conn_01x01_Socket,tht
55.2,-57.4,0.0,top,J13,,,PinHeader_1x01_P1.00mm_Vertical,Conn_01x01_Socket,tht
28.6065,-78.2418,90.0,top,J2,,,CONN_132414_AMP,SMA-J-P-H-ST-EM1,smt
31.3,-66.0,0.0,top,J3,,,PinHeader_1x01_P1.00mm_Vertical,Conn_01x01_Socket,tht
38.1,-66.0,0.0,top,J4,,,PinHeader_1x01_P1.00mm_Vertical,Conn_01x01_Socket,tht
62.1,-73.1,0.0,top,J5,,,PinHeader_1x01_P1.00mm_Vertical,Conn_01x01_Pin,tht
62.1,-75.85,0.0,top,J6,,,PinHeader_1x01_P1.00mm_Vertical,Conn_01x01_Pin,tht
62.1,-78.6,0.0,top,J7,,,PinHeader_1x01_P1.00mm_Vertical,Conn_01x01_Pin,tht
40.6,-57.4,0.0,top,J8,,,PinHeader_1x01_P1.00mm_Vertical,Conn_01x01_Socket,tht
43.52,-57.4,0.0,top,J9,,,PinHeader_1x01_P1.00mm_Vertical,Conn_01x01_Socket,tht
53.5,-71.2875,-90.0,top,R1,,,R_0805_2012Metric,100,smt
50.0,-73.61,180.0,top,R2,,,R_0805_2012Metric,1000,smt
43.6,-70.01,-90.0,top,R4,,,R_0805_2012Metric,1000,smt
58.725,-80.795,-90.0,top,R5,,,R_0805_2012Metric,130,smt
48.525,-69.805,180.0,top,U1,,,SOIC-8_3.9x4.9mm_P1.27mm,OPA2134,smt
43.805,-81.975,-90.0,top,U2,,,SOIC-16_3.9x9.9mm_P1.27mm,LM13700,smt
53.7,-80.1,180.0,top,U3,,,SOIC-8_3.9x4.9mm_P1.27mm,LM334M,smt
52.775,-62.505,180.0,top,U4,,,SOIC127P600X175-8N,AD8400ARZ10-REEL,smt
43.745,-62.5,180.0,top,U5,,,SOIC127P600X175-8N,AD8400ARZ1-REEL,smt
