﻿Designator,Quantity,Value,Footprint,Package,MPN,DNP,Mount_Type,Description
C1,1,1n,C_0805_2012Metric,,,,smt,Unpolarized capacitor
C2,1,Alt1,C_0805_2012Metric,,,,smt,Unpolarized capacitor
C3,1,Alt,C_0805_2012Metric,,,,smt,Unpolarized capacitor
C4,1,Alt2,C_0805_2012Metric,,,,smt,Unpolarized capacitor
"C5, C6, C7, C8",4,100n,C_0805_2012Metric,,,,smt,Unpolarized capacitor
"J1, J2",2,SMA-J-P-H-ST-EM1,CONN_132414_AMP,,,,smt,
"J10, J11, J12, J13, J3, J4, J8, J9",8,Conn_01x01_Socket,PinHeader_1x01_P1.00mm_Vertical,,,,tht,"Generic connector, single row, 01x01, script generated"
"J5, J6, J7",3,Conn_01x01_Pin,PinHeader_1x01_P1.00mm_Vertical,,,,tht,"Generic connector, single row, 01x01, script generated"
R1,1,100,R_0805_2012Metric,,,,smt,Resistor
"R2, R4",2,1000,R_0805_2012Metric,,,,smt,Resistor
R5,1,130,R_0805_2012Metric,,,,smt,Resistor
U1,1,OPA2134,SOIC-8_3.9x4.9mm_P1.27mm,,,,smt,"Dual SoundPlus High Performance Audio Operational Amplifiers, DIP-8/SOIC-8"
U2,1,LM13700,SOIC-16_3.9x9.9mm_P1.27mm,,,,smt,"Dual Operational Transconductance Amplifiers with Linearizing Diodes and Buffers, DIP-16/SOIC-16"
U3,1,LM334M,SOIC-8_3.9x4.9mm_P1.27mm,,,,smt,"1μA to 10mA 3-Terminal Adjustable Current Source, SO-8"
U4,1,AD8400ARZ10-REEL,SOIC127P600X175-8N,,,,smt,
U5,1,AD8400ARZ1-REEL,SOIC127P600X175-8N,,,,smt,
